Sentence,Type,Source
The cat stretched.,Simple,https://www.yourdictionary.com/articles/examples-simple-sentences
Jacob stood on his tiptoes.,Simple,https://www.yourdictionary.com/articles/examples-simple-sentences
The car turned the corner.,Simple,https://www.yourdictionary.com/articles/examples-simple-sentences
Kelly twirled in circles.,Simple,https://www.yourdictionary.com/articles/examples-simple-sentences
She opened the door.,Simple,https://www.yourdictionary.com/articles/examples-simple-sentences
Aaron made a picture.,Simple,https://www.yourdictionary.com/articles/examples-simple-sentences
I'm sorry.,Simple,https://www.yourdictionary.com/articles/examples-simple-sentences
I danced.,Simple,https://www.yourdictionary.com/articles/examples-simple-sentences
Run!,Simple,https://www.yourdictionary.com/articles/examples-simple-sentences
Open the jar carefully.,Simple,https://www.yourdictionary.com/articles/examples-simple-sentences
Read the directions.,Simple,https://www.yourdictionary.com/articles/examples-simple-sentences
Don't cry.,Simple,https://www.yourdictionary.com/articles/examples-simple-sentences
Use common sense.,Simple,https://www.yourdictionary.com/articles/examples-simple-sentences
Make the best of things.,Simple,https://www.yourdictionary.com/articles/examples-simple-sentences
Catch up!,Simple,https://www.yourdictionary.com/articles/examples-simple-sentences
Sarah and Ira drove to the store.,Simple,https://www.yourdictionary.com/articles/examples-simple-sentences
Jenny and I opened all the gifts.,Simple,https://www.yourdictionary.com/articles/examples-simple-sentences
The cat and dog ate.,Simple,https://www.yourdictionary.com/articles/examples-simple-sentences
My parents and I went to a movie.,Simple,https://www.yourdictionary.com/articles/examples-simple-sentences
Mrs. Juarez and Mr. Smith are dancing gracefully.,Simple,https://www.yourdictionary.com/articles/examples-simple-sentences
"Samantha, Elizabeth, and Joan are on the committee.",Simple,https://www.yourdictionary.com/articles/examples-simple-sentences
"The ham, green beans, mashed potatoes, and corn are gluten-free.",Simple,https://www.yourdictionary.com/articles/examples-simple-sentences
The paper and pencil sat idle on the desk.,Simple,https://www.yourdictionary.com/articles/examples-simple-sentences
Misha walked and looked around.,Simple,https://www.yourdictionary.com/articles/examples-simple-sentences
My mother hemmed and hawed over where to go for dinner.,Simple,https://www.yourdictionary.com/articles/examples-simple-sentences
He was eating and talking.,Simple,https://www.yourdictionary.com/articles/examples-simple-sentences
I rinsed and dried the dishes.,Simple,https://www.yourdictionary.com/articles/examples-simple-sentences
Joe stood up and spoke to the crowd.,Simple,https://www.yourdictionary.com/articles/examples-simple-sentences
"The mangy, scrawny stray dog hurriedly gobbled down the grain-free, organic dog food.",Simple,https://www.yourdictionary.com/articles/examples-simple-sentences
"I quickly put on my red winter jacket, black snow pants, waterproof boots, homemade mittens, and handknit scarf.",Simple,https://www.yourdictionary.com/articles/examples-simple-sentences
The incessant ticking and chiming echoed off the weathered walls of the clock repair shop.,Simple,https://www.yourdictionary.com/articles/examples-simple-sentences
"Nervously, I unfolded the wrinkled and stained letter from my long-dead ancestor.",Simple,https://www.yourdictionary.com/articles/examples-simple-sentences
"Into the suitcase, I carelessly threw a pair of ripped jeans, my favorite sweater from high school, an old pair of tube socks with stripes, and $20,000 in cash.",Simple,https://www.yourdictionary.com/articles/examples-simple-sentences
I‘m happy.,Simple,https://www.espressoenglish.net/simple-sentences-in-english-50-examples/
She exercises every morning.,Simple,https://www.espressoenglish.net/simple-sentences-in-english-50-examples/
His dog barks loudly.,Simple,https://www.espressoenglish.net/simple-sentences-in-english-50-examples/
My school starts at 8:00.,Simple,https://www.espressoenglish.net/simple-sentences-in-english-50-examples/
We always eat dinner together.,Simple,https://www.espressoenglish.net/simple-sentences-in-english-50-examples/
They take the bus to work.,Simple,https://www.espressoenglish.net/simple-sentences-in-english-50-examples/
He doesn’t like vegetables.,Simple,https://www.espressoenglish.net/simple-sentences-in-english-50-examples/
I don’t want anything to drink.,Simple,https://www.espressoenglish.net/simple-sentences-in-english-50-examples/
This little black dress isn’t expensive.,Simple,https://www.espressoenglish.net/simple-sentences-in-english-50-examples/
Those kids don’t speak English.,Simple,https://www.espressoenglish.net/simple-sentences-in-english-50-examples/
I went to the store.,Simple,https://www.espressoenglish.net/simple-sentences-in-english-50-examples/
She took the test last Friday.,Simple,https://www.espressoenglish.net/simple-sentences-in-english-50-examples/
We talked for hours.,Simple,https://www.espressoenglish.net/simple-sentences-in-english-50-examples/
The little girl played at the playground.,Simple,https://www.espressoenglish.net/simple-sentences-in-english-50-examples/
He had a great time yesterday.,Simple,https://www.espressoenglish.net/simple-sentences-in-english-50-examples/
I didn’t know about the meeting.,Simple,https://www.espressoenglish.net/simple-sentences-in-english-50-examples/
He didn’t take a shower.,Simple,https://www.espressoenglish.net/simple-sentences-in-english-50-examples/
My friend and I didn’t buy anything on our trip.,Simple,https://www.espressoenglish.net/simple-sentences-in-english-50-examples/
We didn’t have enough food for everyone.,Simple,https://www.espressoenglish.net/simple-sentences-in-english-50-examples/
Rachel didn’t tell anyone the secret.,Simple,https://www.espressoenglish.net/simple-sentences-in-english-50-examples/
I will visit my parents next weekend.,Simple,https://www.espressoenglish.net/simple-sentences-in-english-50-examples/
She‘ll finish her project by tomorrow.,Simple,https://www.espressoenglish.net/simple-sentences-in-english-50-examples/
They will go on vacation next month.,Simple,https://www.espressoenglish.net/simple-sentences-in-english-50-examples/
We‘ll have dinner at a fancy restaurant tonight.,Simple,https://www.espressoenglish.net/simple-sentences-in-english-50-examples/
He will start his new job next week.,Simple,https://www.espressoenglish.net/simple-sentences-in-english-50-examples/
I won’t attend the party tomorrow.,Simple,https://www.espressoenglish.net/simple-sentences-in-english-50-examples/
She won’t buy a new car this year.,Simple,https://www.espressoenglish.net/simple-sentences-in-english-50-examples/
They will not complete the assignment on time.,Simple,https://www.espressoenglish.net/simple-sentences-in-english-50-examples/
We won’t go to the concert on Saturday.,Simple,https://www.espressoenglish.net/simple-sentences-in-english-50-examples/
He will not pass the exam without studying.,Simple,https://www.espressoenglish.net/simple-sentences-in-english-50-examples/
I am currently working on a new project.,Simple,https://www.espressoenglish.net/simple-sentences-in-english-50-examples/
She is dancing gracefully on stage.,Simple,https://www.espressoenglish.net/simple-sentences-in-english-50-examples/
They are enjoying their vacation in Hawaii.,Simple,https://www.espressoenglish.net/simple-sentences-in-english-50-examples/
We are learning to play the guitar.,Simple,https://www.espressoenglish.net/simple-sentences-in-english-50-examples/
He is studying for his upcoming exams.,Simple,https://www.espressoenglish.net/simple-sentences-in-english-50-examples/
I‘m not feeling well today.,Simple,https://www.espressoenglish.net/simple-sentences-in-english-50-examples/
She isn’t attending the party tonight.,Simple,https://www.espressoenglish.net/simple-sentences-in-english-50-examples/
They‘re not participating in the competition.,Simple,https://www.espressoenglish.net/simple-sentences-in-english-50-examples/
We aren’t going out for dinner this evening.,Simple,https://www.espressoenglish.net/simple-sentences-in-english-50-examples/
He‘s not wearing a jacket despite the cold weather.,Simple,https://www.espressoenglish.net/simple-sentences-in-english-50-examples/
I was watching a movie last night.,Simple,https://www.espressoenglish.net/simple-sentences-in-english-50-examples/
She was singing loudly during the concert.,Simple,https://www.espressoenglish.net/simple-sentences-in-english-50-examples/
They were playing soccer yesterday.,Simple,https://www.espressoenglish.net/simple-sentences-in-english-50-examples/
We were having dinner at a fancy restaurant.,Simple,https://www.espressoenglish.net/simple-sentences-in-english-50-examples/
He was studying hard for his final exams.,Simple,https://www.espressoenglish.net/simple-sentences-in-english-50-examples/
I wasn’t paying attention to the lecture.,Simple,https://www.espressoenglish.net/simple-sentences-in-english-50-examples/
She was not watching her kids at the park.,Simple,https://www.espressoenglish.net/simple-sentences-in-english-50-examples/
They were not listening to the teacher’s instructions.,Simple,https://www.espressoenglish.net/simple-sentences-in-english-50-examples/
We weren’t traveling over spring break.,Simple,https://www.espressoenglish.net/simple-sentences-in-english-50-examples/
He was not feeling well yesterday.,Simple,https://www.espressoenglish.net/simple-sentences-in-english-50-examples/
I‘ll be giving a presentation at the conference.,Simple,https://www.espressoenglish.net/simple-sentences-in-english-50-examples/
She will be traveling to Europe next month.,Simple,https://www.espressoenglish.net/simple-sentences-in-english-50-examples/
They‘ll be celebrating their anniversary on a cruise.,Simple,https://www.espressoenglish.net/simple-sentences-in-english-50-examples/
We will be taking our son to college in September.,Simple,https://www.espressoenglish.net/simple-sentences-in-english-50-examples/
He‘ll be working on a new project next week.,Simple,https://www.espressoenglish.net/simple-sentences-in-english-50-examples/
I will not be attending the party tonight.,Simple,https://www.espressoenglish.net/simple-sentences-in-english-50-examples/
She will not be participating in the competition.,Simple,https://www.espressoenglish.net/simple-sentences-in-english-50-examples/
They won’t be going on a vacation this summer.,Simple,https://www.espressoenglish.net/simple-sentences-in-english-50-examples/
We won’t be looking for new jobs anytime soon.,Simple,https://www.espressoenglish.net/simple-sentences-in-english-50-examples/
He won’t be taking so many classes next semester.,Simple,https://www.espressoenglish.net/simple-sentences-in-english-50-examples/
I‘ve finished reading the book.,Simple,https://www.espressoenglish.net/simple-sentences-in-english-50-examples/
She has traveled to many countries.,Simple,https://www.espressoenglish.net/simple-sentences-in-english-50-examples/
They‘ve won the championship.,Simple,https://www.espressoenglish.net/simple-sentences-in-english-50-examples/
We have completed the project on time.,Simple,https://www.espressoenglish.net/simple-sentences-in-english-50-examples/
He‘s learned to play the piano.,Simple,https://www.espressoenglish.net/simple-sentences-in-english-50-examples/
I haven’t visited that museum yet.,Simple,https://www.espressoenglish.net/simple-sentences-in-english-50-examples/
She has not received the package.,Simple,https://www.espressoenglish.net/simple-sentences-in-english-50-examples/
"I like to read, and my sister enjoys painting.",Compound,https://www.espressoenglish.net/compound-sentences-in-english-50-examples/
"He plays soccer, but she prefers swimming.",Compound,https://www.espressoenglish.net/compound-sentences-in-english-50-examples/
"They study hard, so they get good grades.",Compound,https://www.espressoenglish.net/compound-sentences-in-english-50-examples/
"We work during the day, and we relax in the evening.",Compound,https://www.espressoenglish.net/compound-sentences-in-english-50-examples/
"She loves her job, yet she complains about it a lot.",Compound,https://www.espressoenglish.net/compound-sentences-in-english-50-examples/
"He cooks a lot, and he often tries new recipes.",Compound,https://www.espressoenglish.net/compound-sentences-in-english-50-examples/
"They travel to different countries, but they always come back home.",Compound,https://www.espressoenglish.net/compound-sentences-in-english-50-examples/
"We either watch movies on Fridays, or we go out for dinner.",Compound,https://www.espressoenglish.net/compound-sentences-in-english-50-examples/
"She exercises regularly, so she stays fit and healthy.",Compound,https://www.espressoenglish.net/compound-sentences-in-english-50-examples/
"He volunteers at the local shelter, and he also donates to charity.",Compound,https://www.espressoenglish.net/compound-sentences-in-english-50-examples/
"I visited my grandparents last weekend, and we had a wonderful time together.",Compound,https://www.espressoenglish.net/compound-sentences-in-english-50-examples/
"He played basketball in high school, but he decided to focus on academics in college.",Compound,https://www.espressoenglish.net/compound-sentences-in-english-50-examples/
"They went to the beach yesterday, but it rained unexpectedly.",Compound,https://www.espressoenglish.net/compound-sentences-in-english-50-examples/
"We studied for the exam, yet we still struggled with some of the questions.",Compound,https://www.espressoenglish.net/compound-sentences-in-english-50-examples/
"She cooked a delicious meal for her friends, and they all enjoyed it.",Compound,https://www.espressoenglish.net/compound-sentences-in-english-50-examples/
"He worked as a teacher for several years, and then he pursued a career in writing.",Compound,https://www.espressoenglish.net/compound-sentences-in-english-50-examples/
"They traveled to Europe during the summer holidays, and they visited many famous landmarks.",Compound,https://www.espressoenglish.net/compound-sentences-in-english-50-examples/
"We watched a movie last night, but we didn't like it.",Compound,https://www.espressoenglish.net/compound-sentences-in-english-50-examples/
"She danced ballet when she was younger, but she stopped after a knee injury.",Compound,https://www.espressoenglish.net/compound-sentences-in-english-50-examples/
"He met his favorite author at a book signing event, and he got his book autographed.",Compound,https://www.espressoenglish.net/compound-sentences-in-english-50-examples/
"I am studying for my exam, and my friend is working on a project.",Compound,https://www.espressoenglish.net/compound-sentences-in-english-50-examples/
"She is dancing in the ballet recital, and her brother is playing the piano.",Compound,https://www.espressoenglish.net/compound-sentences-in-english-50-examples/
"They are traveling to Europe this summer, but they aren't taking their kids.",Compound,https://www.espressoenglish.net/compound-sentences-in-english-50-examples/
"We are having dinner at a restaurant tonight, so we are dressing up.",Compound,https://www.espressoenglish.net/compound-sentences-in-english-50-examples/
"He is working on a new painting, and he is experimenting with different techniques.",Compound,https://www.espressoenglish.net/compound-sentences-in-english-50-examples/
"She isn't planning to buy a house, yet she is always browsing real estate listings.",Compound,https://www.espressoenglish.net/compound-sentences-in-english-50-examples/
"My parents are attending a conference, and I am taking care of their dogs.",Compound,https://www.espressoenglish.net/compound-sentences-in-english-50-examples/
We aren't enjoying the trip because we're worrying about safety all the time.,Compound,https://www.espressoenglish.net/compound-sentences-in-english-50-examples/
"She is taking swimming lessons, and she is improving her technique.",Compound,https://www.espressoenglish.net/compound-sentences-in-english-50-examples/
"He is studying English on his own, so he isn't taking any formal classes.",Compound,https://www.espressoenglish.net/compound-sentences-in-english-50-examples/
"I have studied for my exam, and I feel confident about it.",Compound,https://www.espressoenglish.net/compound-sentences-in-english-50-examples/
"She has traveled to many countries, so she has experienced diverse cultures.",Compound,https://www.espressoenglish.net/compound-sentences-in-english-50-examples/
"They have finished their project, but they still need to present it.",Compound,https://www.espressoenglish.net/compound-sentences-in-english-50-examples/
"We have watched the movie, and we have discussed it extensively.",Compound,https://www.espressoenglish.net/compound-sentences-in-english-50-examples/
"He has learned to play the guitar, and he will perform his favorite songs at the talent show.",Compound,https://www.espressoenglish.net/compound-sentences-in-english-50-examples/
"She has completed her master's degree, and she is now pursuing a Ph.D.",Compound,https://www.espressoenglish.net/compound-sentences-in-english-50-examples/
"They have visited the museum, but they have not explored the entire collection yet.",Compound,https://www.espressoenglish.net/compound-sentences-in-english-50-examples/
"We have tried the new restaurant in town, and the food was delicious.",Compound,https://www.espressoenglish.net/compound-sentences-in-english-50-examples/
"She has written a book, and she has received positive reviews from readers.",Compound,https://www.espressoenglish.net/compound-sentences-in-english-50-examples/
"He has achieved his fitness goals, and he continues to maintain a healthy lifestyle.",Compound,https://www.espressoenglish.net/compound-sentences-in-english-50-examples/
"I finished my work early, so now I can relax for the rest of the evening.",Compound,https://www.espressoenglish.net/compound-sentences-in-english-50-examples/
"She sings beautifully, yet she has never performed for an audience.",Compound,https://www.espressoenglish.net/compound-sentences-in-english-50-examples/
"They were buying groceries for the week, but they had forgotten to bring their shopping list.",Compound,https://www.espressoenglish.net/compound-sentences-in-english-50-examples/
"We have been studying history, and we will visit a museum tomorrow.",Compound,https://www.espressoenglish.net/compound-sentences-in-english-50-examples/
"He played the guitar for years, but he is now focusing on learning the piano.",Compound,https://www.espressoenglish.net/compound-sentences-in-english-50-examples/
"She will be giving a talk next month, so she has been practicing a lot.",Compound,https://www.espressoenglish.net/compound-sentences-in-english-50-examples/
"They enjoyed the concert last night, and they will be posting photos later.",Compound,https://www.espressoenglish.net/compound-sentences-in-english-50-examples/
"I had watched that movie before, so we picked a different one to watch together.",Compound,https://www.espressoenglish.net/compound-sentences-in-english-50-examples/
"She is working at a bar, but her parents disapprove.",Compound,https://www.espressoenglish.net/compound-sentences-in-english-50-examples/
"He had been considering buying a motorcycle, but he couldn't afford it.",Compound,https://www.espressoenglish.net/compound-sentences-in-english-50-examples/
"She did not cheat on the test, for it was the wrong thing to do.",Compound,https://www.yourdictionary.com/articles/examples-compound-sentences
"I really need to go to work, but I am too sick to drive.",Compound,https://www.yourdictionary.com/articles/examples-compound-sentences
"I am counting my calories, yet I really want dessert.",Compound,https://www.yourdictionary.com/articles/examples-compound-sentences
"He ran out of money, so he had to stop playing poker.",Compound,https://www.yourdictionary.com/articles/examples-compound-sentences
"They got there early, and they got really good seats.",Compound,https://www.yourdictionary.com/articles/examples-compound-sentences
"They had no ice cream left at home, nor did they have money to go to the store.",Compound,https://www.yourdictionary.com/articles/examples-compound-sentences
"Everyone was busy, so I went to the movie alone.",Compound,https://www.yourdictionary.com/articles/examples-compound-sentences
"I thought the promotion was mine, but my attendance wasn't good enough.",Compound,https://www.yourdictionary.com/articles/examples-compound-sentences
"Should we start class now, or wait for everyone to get here?",Compound,https://www.yourdictionary.com/articles/examples-compound-sentences
"It was getting dark, and we weren't near the cabin yet.",Compound,https://www.yourdictionary.com/articles/examples-compound-sentences
"Cats are good pets, for they are clean and are not noisy.",Compound,https://www.yourdictionary.com/articles/examples-compound-sentences
"We have never been to Asia, nor have we visited Africa.",Compound,https://www.yourdictionary.com/articles/examples-compound-sentences
"He didn't want to go to the dentist, yet he went anyway.",Compound,https://www.yourdictionary.com/articles/examples-compound-sentences
The sky is clear; the stars are twinkling.,Compound,https://www.yourdictionary.com/articles/examples-compound-sentences
Joe made the sugar cookies; Susan decorated them.,Compound,https://www.yourdictionary.com/articles/examples-compound-sentences
The waves were crashing on the shore; it was a lovely sight.,Compound,https://www.yourdictionary.com/articles/examples-compound-sentences
Check back tomorrow; I will see if the book has arrived.,Compound,https://www.yourdictionary.com/articles/examples-compound-sentences
I am happy to take your donation; any amount will be greatly appreciated.,Compound,https://www.yourdictionary.com/articles/examples-compound-sentences
Malls are great places to shop; I can find everything I need under one roof.,Compound,https://www.yourdictionary.com/articles/examples-compound-sentences
Italy is my favorite country; I plan to spend two weeks there next year.,Compound,https://www.yourdictionary.com/articles/examples-compound-sentences
He turned in the research paper on Friday; he would have not passed the class otherwise.,Compound,https://www.yourdictionary.com/articles/examples-compound-sentences
She bought a cheeseburger for her friend; she forgot the fries.,Compound,https://www.yourdictionary.com/articles/examples-compound-sentences
He loved the dog; he gave it many treats.,Compound,https://www.yourdictionary.com/articles/examples-compound-sentences
"It was a difficult assignment; however, Kelly was up to the challenge.",Compound,https://www.yourdictionary.com/articles/examples-compound-sentences
"There were white-out conditions in the town; therefore, the roads were impassable.",Compound,https://www.yourdictionary.com/articles/examples-compound-sentences
"He said he was not there yesterday; however, many people saw him there.",Compound,https://www.yourdictionary.com/articles/examples-compound-sentences
"She only paints with bold colors; indeed, she does not like pastels at all.",Compound,https://www.yourdictionary.com/articles/examples-compound-sentences
"She works two jobs to make ends meet; at least, that was her reason for not having time to join us.",Compound,https://www.yourdictionary.com/articles/examples-compound-sentences
"You need to pack the appropriate things for camping; for example, a sleeping bag will keep you warm.",Compound,https://www.yourdictionary.com/articles/examples-compound-sentences
"I have paid my dues; as a result, I expect to receive all the privileges listed in the bylaws.",Compound,https://www.yourdictionary.com/articles/examples-compound-sentences
"He ate seven sandwiches for lunch; afterward, he felt ill.",Compound,https://www.yourdictionary.com/articles/examples-compound-sentences
"Her knees ached from jogging; moreover, her shoes were starting to wear out.",Compound,https://www.yourdictionary.com/articles/examples-compound-sentences
"His friends canceled dinner plans that night; on the other hand, he didn’t really want to go in the first place.",Compound,https://www.yourdictionary.com/articles/examples-compound-sentences
"I like doing the Christmas tree, and I would love for you to join.",Compound,https://byjus.com/english/compound-sentences/
"Are you coming with me, or are you going to the auditorium?",Compound,https://byjus.com/english/compound-sentences/
"He was not well, yet he decided to go to work.",Compound,https://byjus.com/english/compound-sentences/
"I am ready to go, but my brother has not reached home yet.",Compound,https://byjus.com/english/compound-sentences/
"Jerry did not complete his homework, so the teacher punished him.",Compound,https://byjus.com/english/compound-sentences/
"My brother should drop me, or I cannot make it to the reception.",Compound,https://byjus.com/english/compound-sentences/
The dress is too tight; I don't think I am going to buy this.,Compound,https://byjus.com/english/compound-sentences/
He likes Marvel movies; he would probably watch all of it at one stretch.,Compound,https://byjus.com/english/compound-sentences/
Try to focus on your studies; everyone else is working really hard and improving their grades.,Compound,https://byjus.com/english/compound-sentences/
"It was not easy to do it; however, Ashwin managed to complete it.",Compound,https://byjus.com/english/compound-sentences/
"We have to complete it; otherwise, we will have to face the consequences.",Compound,https://byjus.com/english/compound-sentences/
"The cleaning work was being done by all the kids; meanwhile, we found a way to sort out their cupboards.",Compound,https://byjus.com/english/compound-sentences/
"All the employers have been requesting for a change in working hours for many months now; however, the company has not made any changes yet.",Compound,https://byjus.com/english/compound-sentences/
"My parents want me to become an IAS officer, but I want to become a teacher.",Compound,https://byjus.com/english/compound-sentences/
"My mom was too tired, yet she cleaned the house.",Compound,https://byjus.com/english/compound-sentences/
"My father is back home; however, we don't know when he will leave again.",Compound,https://byjus.com/english/compound-sentences/
Study well or you will not pass.,Compound,https://byjus.com/english/compound-sentences/
"Although he works long hours, he always finds time to spend with his family.",Complex,https://www.espressoenglish.net/complex-sentences-50-examples/
She always wears jewelry that matches her outfit.,Complex,https://www.espressoenglish.net/complex-sentences-50-examples/
"While my brother enjoys spicy food, I prefer milder flavors.",Complex,https://www.espressoenglish.net/complex-sentences-50-examples/
"Several crops grow here, even though it rarely rains in this region.",Complex,https://www.espressoenglish.net/complex-sentences-50-examples/
"Though he is talented, he often underestimates his own abilities.",Complex,https://www.espressoenglish.net/complex-sentences-50-examples/
"Although the company faces tough competition, it continues to thrive in the market.",Complex,https://www.espressoenglish.net/complex-sentences-50-examples/
"I think you’d like this book, since you love historical fiction.",Complex,https://www.espressoenglish.net/complex-sentences-50-examples/
He always studies a lot before he takes a test.,Complex,https://www.espressoenglish.net/complex-sentences-50-examples/
"I sometimes walk to work, as long as the weather is good.",Complex,https://www.espressoenglish.net/complex-sentences-50-examples/
"My mother stays up late, whereas my father goes to bed earl",Complex,https://www.espressoenglish.net/complex-sentences-50-examples/
"After she finished her studies, she traveled around Europe for six months.",Complex,https://www.espressoenglish.net/complex-sentences-50-examples/
"Although they were tired, they stayed up late to finish their project.",Complex,https://www.espressoenglish.net/complex-sentences-50-examples/
He immediately called for help when he saw the accident.,Complex,https://www.espressoenglish.net/complex-sentences-50-examples/
My kids often misbehaved whenever they had a babysitter.,Complex,https://www.espressoenglish.net/complex-sentences-50-examples/
"Since he sold his car, he had to take the bus to work.",Complex,https://www.espressoenglish.net/complex-sentences-50-examples/
"She didn’t ride the roller coasters, even though she was old enough to do so.",Complex,https://www.espressoenglish.net/complex-sentences-50-examples/
"When they arrived at the restaurant, they realized it had already closed.",Complex,https://www.espressoenglish.net/complex-sentences-50-examples/
I stayed awake until my husband got home from work.,Complex,https://www.espressoenglish.net/complex-sentences-50-examples/
"Before he left his job, he wrote a number of training manuals.",Complex,https://www.espressoenglish.net/complex-sentences-50-examples/
"She performed very well on stage, though she was quite nervous.",Complex,https://www.espressoenglish.net/complex-sentences-50-examples/
"After I finish my degree, I will pursue a career in environmental conservation.",Complex,https://www.espressoenglish.net/complex-sentences-50-examples/
"She will visit her grandparents next weekend, as she hasn’t seen them in months.",Complex,https://www.espressoenglish.net/complex-sentences-50-examples/
"Once the project is complete, the company will launch its new product on the market.",Complex,https://www.espressoenglish.net/complex-sentences-50-examples/
"By the time I graduate, I will have traveled to at least five different countries.",Complex,https://www.espressoenglish.net/complex-sentences-50-examples/
We’re going to clean the bathrooms after we’re done cleaning the kitchen.,Complex,https://www.espressoenglish.net/complex-sentences-50-examples/
They will be driving to Florida since flights are too expensive.,Complex,https://www.espressoenglish.net/complex-sentences-50-examples/
"Electric cars will become more popular in a few years, even though they’re not very common now.",Complex,https://www.espressoenglish.net/complex-sentences-50-examples/
I’m going to start preparing dinner before I leave for work.,Complex,https://www.espressoenglish.net/complex-sentences-50-examples/
"Once the renovations are finished, the house will be even more beautiful.",Complex,https://www.espressoenglish.net/complex-sentences-50-examples/
I won’t lend you any more money until you pay me back.,Complex,https://www.espressoenglish.net/complex-sentences-50-examples/
"While I was studying for my exam, my friends were watching a movie.",Complex,https://www.espressoenglish.net/complex-sentences-50-examples/
They will be traveling to Europe while we are attending the conference.,Complex,https://www.espressoenglish.net/complex-sentences-50-examples/
"As the sun was setting, the children were playing in the park.",Complex,https://www.espressoenglish.net/complex-sentences-50-examples/
I was cleaning the house all evening after I saw how dirty it was.,Complex,https://www.espressoenglish.net/complex-sentences-50-examples/
I’ll be waiting for you at the café until you finish your meeting.,Complex,https://www.espressoenglish.net/complex-sentences-50-examples/
"When I finish my work, I will join you for dinner.",Complex,https://www.espressoenglish.net/complex-sentences-50-examples/
I had cleaned the whole house before we left for vacation.,Complex,https://www.espressoenglish.net/complex-sentences-50-examples/
He couldn’t go to the party because he was feeling sick.,Complex,https://www.espressoenglish.net/complex-sentences-50-examples/
I’m not buying anything else this month since I’ve already spent too much.,Complex,https://www.espressoenglish.net/complex-sentences-50-examples/
"As soon as they receive the necessary materials, they will start the project.",Complex,https://www.espressoenglish.net/complex-sentences-50-examples/
"Once she finishes her degree, she plans to travel the world.",Complex,https://www.espressoenglish.net/complex-sentences-50-examples/
I was exhausted because I had been working all day.,Complex,https://www.espressoenglish.net/complex-sentences-50-examples/
"Now that the rain has stopped, we can go outside.",Complex,https://www.espressoenglish.net/complex-sentences-50-examples/
He will buy a new car once he saves enough money.,Complex,https://www.espressoenglish.net/complex-sentences-50-examples/
"Since she doesn’t have any prior experience, she decided to take a training course.",Complex,https://www.espressoenglish.net/complex-sentences-50-examples/
"If it rains tomorrow, we will stay indoors and watch movies.",Complex,https://www.espressoenglish.net/complex-sentences-50-examples/
She won’t pass the exam unless she studies a lot.,Complex,https://www.espressoenglish.net/complex-sentences-50-examples/
"If I won the lottery, I would travel around the world.",Complex,https://www.espressoenglish.net/complex-sentences-50-examples/
He would have gone to the party if he hadn’t been so tired.,Complex,https://www.espressoenglish.net/complex-sentences-50-examples/
"If I had known about the event, I would have attended.",Complex,https://www.espressoenglish.net/complex-sentences-50-examples/
She will be late if she doesn’t catch the early bus.,Complex,https://www.espressoenglish.net/complex-sentences-50-examples/
"If the children finish their chores, they can go to the park.",Complex,https://www.espressoenglish.net/complex-sentences-50-examples/
We won’t eat a big dinner if we’re not very hungry.,Complex,https://www.espressoenglish.net/complex-sentences-50-examples/
"If you eat too much junk food, you will gain weight.",Complex,https://www.espressoenglish.net/complex-sentences-50-examples/
She could earn more money if she had a better job.,Complex,https://www.espressoenglish.net/complex-sentences-50-examples/
"Even though he was worried, he tried to put it out of his mind.",Complex,https://blog.udemy.com/example-of-a-complex-sentence/
My sister puts on makeup whenever she goes out.,Complex,https://blog.udemy.com/example-of-a-complex-sentence/
"If you want me to make dinner, we’ll be having pasta.",Complex,https://blog.udemy.com/example-of-a-complex-sentence/
I walked to the fridge because I was hungry.,Complex,https://blog.udemy.com/example-of-a-complex-sentence/
"She went to work, even though she was tired.",Complex,https://blog.udemy.com/example-of-a-complex-sentence/
"Since you did your chores, you can go play.",Complex,https://blog.udemy.com/example-of-a-complex-sentence/
"Now that she feels better, she wants to go back to school.",Complex,https://blog.udemy.com/example-of-a-complex-sentence/
I ordered cake because I know it’s your favorite.,Complex,https://blog.udemy.com/example-of-a-complex-sentence/
"It’s raining in Seattle, whereas it’s sunny in Miami.",Complex,https://blog.udemy.com/example-of-a-complex-sentence/
"While they were on vacation, their house sitter stayed with their dog.",Complex,https://blog.udemy.com/example-of-a-complex-sentence/
She drove even though she prefers to fly.,Complex,https://blog.udemy.com/example-of-a-complex-sentence/
"After they left the movie theater, they walked to a nearby restaurant.",Complex,https://blog.udemy.com/example-of-a-complex-sentence/
Remember to brush your teeth before you go to bed!,Complex,https://blog.udemy.com/example-of-a-complex-sentence/
"When I grow up, I want to teach grammar.",Complex,https://blog.udemy.com/example-of-a-complex-sentence/
"If you like pancakes, you’ll love waffles.",Complex,https://blog.udemy.com/example-of-a-complex-sentence/
He left the light on in case she came home late.,Complex,https://blog.udemy.com/example-of-a-complex-sentence/
Please call me back even if it’s late.,Complex,https://blog.udemy.com/example-of-a-complex-sentence/
She got up to let the cat out while the rest of the family was still asleep.,Complex,https://blog.udemy.com/example-of-a-complex-sentence/
"Since the rest of the family was still asleep, she got up to let the cat out.",Complex,https://blog.udemy.com/example-of-a-complex-sentence/
"Even though the rest of the family was asleep, she got up to let the cat out.",Complex,https://blog.udemy.com/example-of-a-complex-sentence/
"Now that spring is here, it’s time to clean the house.",Complex,https://blog.udemy.com/example-of-a-complex-sentence/
It’s time to clean the house now that spring is here.,Complex,https://blog.udemy.com/example-of-a-complex-sentence/
"If you’re still hungry, have some carrots.",Complex,https://blog.udemy.com/example-of-a-complex-sentence/
Have some carrots if you’re still hungry.,Complex,https://blog.udemy.com/example-of-a-complex-sentence/
She bought herself a red dress even though she looks better in blue.,Complex,https://blog.udemy.com/example-of-a-complex-sentence/
"Even though she looks better in blue, she bought herself a red dress.",Complex,https://blog.udemy.com/example-of-a-complex-sentence/
They stayed at the beach until the sun went down.,Complex,https://blog.udemy.com/example-of-a-complex-sentence/
"Until the sun went down, they stayed at the beach.",Complex,https://blog.udemy.com/example-of-a-complex-sentence/
He called his mother because he missed her.,Complex,https://blog.udemy.com/example-of-a-complex-sentence/
"Since you’re getting paid today, let’s go out for drinks!",Complex,https://blog.udemy.com/example-of-a-complex-sentence/
The passenger stepped off the train once it had reached the station.,Complex,https://blog.udemy.com/example-of-a-complex-sentence/
I would love to travel the world after I finish with school.,Complex,https://blog.udemy.com/example-of-a-complex-sentence/
"If we let them, robots will take over the world.",Complex,https://blog.udemy.com/example-of-a-complex-sentence/
You have to do your homework whether you like it or not.,Complex,https://blog.udemy.com/example-of-a-complex-sentence/
"While he enjoys skateboarding, surfing is really his favorite.",Complex,https://blog.udemy.com/example-of-a-complex-sentence/
We’re going to have to walk unless the bus shows up soon.,Complex,https://blog.udemy.com/example-of-a-complex-sentence/
"Now that she has graduated college, she’s going to have to pay her own expenses.",Complex,https://blog.udemy.com/example-of-a-complex-sentence/
"You can call me anytime, even if it’s late.",Complex,https://blog.udemy.com/example-of-a-complex-sentence/
Financial advisors recommend having some savings in case there’s an emergency.,Complex,https://blog.udemy.com/example-of-a-complex-sentence/
"Even though books are expensive, they’re worth every penny.",Complex,https://blog.udemy.com/example-of-a-complex-sentence/
"Whenever she feels blue, she listens to her favorite song.",Complex,https://blog.udemy.com/example-of-a-complex-sentence/
People who want to get healthy should walk rather than drive.,Complex,https://blog.udemy.com/example-of-a-complex-sentence/
"Because they’re opportunistic sleepers, dogs take naps whenever they can.",Complex,https://blog.udemy.com/example-of-a-complex-sentence/
"Since finals week was around the corner, the library was very busy.",Complex,Siddhi
"The whiteboard was right next to her, but she didn't feel the need to use it.",Complex,Akshat